Workbook

Sheet Budget Total 2024
G2: Period | H2: 12 | I2: =H2*(1/12) -> 1
B3: 0002 - Global
B4: Vendor | C4: Description | D4: PO | E4: GL Account | F4: Vendor NR | G4: Total PO value | H4: Total costs 2025 | I4: Total AOP 2025 | J4: Actual/AOP | K4: % | L4: % AOP | M4: AOP € Left | N4: AOP Actual Month | O4: AOP Dif Month | P4: Average AOP Month
B5: BT | D5: =BT!B7 -> 0 | E5: Multiple | F5: 129450 | G5: =BT!I11 -> 0 | H5: =BT!J11 -> 0 | I5: =BT!H11 -> 0 | J5: =I5/12*$H$2-H5 -> 0 | K5: =H5/I5 -> #DIV/0! | L5: =((1/12)*$H$2)-K5 -> #DIV/0! | M5: =I5-H5 -> 0 | N5: =H5/$H$2 -> 0 | O5: =(I5/12)-(H5/$H$2) -> 0 | P5: =I5/12 -> 0
B7: Frontline | D7: =Frontline!B7 -> 0 | E7: 485073020 | F7: 192033 | G7: =Frontline!G9 -> 0 | H7: =Frontline!H9 -> 0 | I7: =Frontline!F9 -> 0 | J7: =I7/12*$H$2-H7 -> 0 | K7: =H7/I7 -> #DIV/0! | L7: =((1/12)*$H$2)-K7 -> #DIV/0! | M7: =I7-H7 -> 0 | N7: =H7/$H$2 -> 0 | O7: =(I7/12)-(H7/$H$2) -> 0 | P7: =I7/12 -> 0
B9: OB | D9: Multiple | E9: 485073010 | F9: 196653 | G9: =OB!N37 -> 0 | H9: =OB!O37 -> 0 | I9: =OB!H37 -> 0 | J9: =I9/12*$H$2-H9 -> 0 | K9: =H9/I9 -> #DIV/0! | L9: =((1/12)*$H$2)-K9 -> #DIV/0! | M9: =I9-H9 -> 0 | N9: =H9/$H$2 -> 0 | O9: =(I9/12)-(H9/$H$2) -> 0 | P9: =I9/12 -> 0
B11: ReleaseTMS | D11: =ReleaseTMS!B7 -> 0 | E11: 485073020 | F11: 168422 | G11: =ReleaseTMS!G7 -> 0 | H11: =ReleaseTMS!H7 -> 0 | I11: =ReleaseTMS!F7 -> 0 | J11: =I11/12*$H$2-H11 -> 0 | K11: =H11/I11 -> #DIV/0! | L11: =((1/12)*$H$2)-K11 -> #DIV/0! | M11: =I11-H11 -> 0 | N11: =H11/$H$2 -> 0 | O11: =(I11/12)-(H11/$H$2) -> 0 | P11: =I11/12 -> 0
B13: Atos | E13: Multiple | F13: 120252 | G13: =Atos!H9 -> 0 | H13: =Atos!I9 -> 0 | I13: =Atos!G9 -> 0 | J13: =I13/12*$H$2-H13 -> 0 | K13: =H13/I13 -> #DIV/0! | L13: =((1/12)*$H$2)-K13 -> #DIV/0! | M13: =I13-H13 -> 0 | N13: =H13/$H$2 -> 0 | O13: =(I13/12)-(H13/$H$2) -> 0 | P13: =I13/12 -> 0
B15: Accenture | D15: Multiple | E15: Multiple | F15: 187516 | G15: =Accenture!I27 -> 0 | H15: =Accenture!J27 -> 0 | I15: =Accenture!G27 -> 0 | J15: =I15/12*$H$2-H15 -> 0 | K15: =H15/I15 -> #DIV/0! | L15: =((1/12)*$H$2)-K15 -> #DIV/0! | M15: =I15-H15 -> 0 | N15: =H15/$H$2 -> 0 | O15: =(I15/12)-(H15/$H$2) -> 0 | P15: =I15/12 -> 0
B17: Microsoft | E17: 485073006 | F17: 166304 | G17: =Microsoft!J26 -> 0 | H17: =Microsoft!K26 -> 0 | I17: =Microsoft!H26 -> 0 | J17: =I17/12*$H$2-H17 -> 0 | K17: =H17/I17 -> #DIV/0! | L17: =((1/12)*$H$2)-K17 -> #DIV/0! | M17: =I17-H17 -> 0 | N17: =H17/$H$2 -> 0 | O17: =(I17/12)-(H17/$H$2) -> 0 | P17: =I17/12 -> 0
B19: Equinix | D19: 5400794442 | G19: =Equinix!I9 -> 0 | H19: =Equinix!J9 -> 0 | J19: =I19/12*$H$2-H19 -> 0 | K19: =H19/I19 -> #DIV/0! | L19: =((1/12)*$H$2)-K19 -> #DIV/0! | M19: =I19-H19 -> 0 | N19: =H19/$H$2 -> 0 | O19: =(I19/12)-(H19/$H$2) -> 0 | P19: =I19/12 -> 0
B20: Total | G20: =SUM(G5:G19) -> 0 | H20: =SUM(H5:H17) -> 0 | I20: =SUM(I5:I19) -> 0 | J20: =I20/12*$H$2-H20 -> 0 | K20: =H20/I20 -> #DIV/0! | L20: =((1/12)*$H$2)-K20 -> #DIV/0! | M20: =I20-H20 -> 0 | N20: =H20/$H$2 -> 0 | O20: =(I20/12)-(H20/$H$2) -> 0 | P20: =I20/12 -> 0
AD21: 50000
B22: Projects | H22: =Projects!C9 -> 0 | AD22: 36000
AD23: 29000
B24: Vendor | D24: PO | E24: GL | F24: Vendor NR | G24: P1 | H24: P2 | I24: P3 | J24: P4 | K24: P5 | L24: P6 | M24: P7 | N24: P8 | O24: P9 | P24: P10 | Q24: P11 | R24: P12 | S24: Totals | T24: Average
B25: BT | F25: 129450 | G25: =BT!L11 -> 0 | H25: =BT!P11 -> 0 | I25: =BT!T11 -> 0 | J25: =BT!X11 -> 0 | K25: =BT!AB11 -> 0 | L25: =BT!AF11 -> 0 | M25: =BT!AJ11 -> 0 | N25: =BT!AN11 -> 0 | O25: =BT!AR11 -> 0 | P25: =BT!AV11 -> 0 | Q25: =BT!AZ11 -> 0 | R25: =BT!BD11 -> #REF! | S25: =SUM(G27:R27) -> 0 | T25: =AVERAGEIF(G27:R27,">0") -> #DIV/0!
B26: ReleaseTMS | F26: 168422 | G26: =ReleaseTMS!J7 -> 0 | H26: =ReleaseTMS!M7 -> 0 | I26: =ReleaseTMS!P7 -> 0 | J26: =ReleaseTMS!S7 -> 0 | S26: =SUM(#REF!) -> #REF! | T26: =AVERAGEIF(#REF!,">0") -> #REF! | AD26: 60000
B27: Frontline | F27: 192033 | G27: =Frontline!J9 -> 0 | H27: =Frontline!M9 -> 0 | I27: =Frontline!P9 -> 0 | K27: =Frontline!V9 -> 0 | L27: 0 | M27: 0 | N27: 0 | O27: 0 | P27: 0 | S27: =SUM(#REF!) -> #REF! | T27: =AVERAGEIF(#REF!,">0") -> #REF! | AD27: 74000
B28: OBS | F28: 129450 | G28: =OB!Q37 -> 0 | H28: =OB!U37 -> 0 | I28: =OB!Y37 -> 0 | J28: =OB!AC37 -> 0 | K28: =OB!AG37 -> 0 | L28: =OB!AK37 -> 0 | M28: =OB!AO37 -> 0 | N28: =OB!AS37 -> 0 | O28: =OB!AW37 -> 0 | P28: =OB!BA37 -> 0 | Q28: =OB!BE37 -> 0 | R28: =OB!BI37 -> 0 | S28: =SUM(G30:R30) -> 0 | T28: =AVERAGEIF(G30:R30,">0") -> #DIV/0!
B29: Atos | F29: 120252 | G29: =Atos!L9 -> 0 | H29: =Atos!P9 -> 0 | I29: =Atos!T9 -> 0 | J29: =Atos!X9 -> 0 | K29: =Atos!AB9 -> 0 | L29: =Atos!AF9 -> 0 | M29: =Atos!AJ9 -> 0 | N29: =Atos!AN9 -> 0 | O29: =Atos!AR9 -> 0 | P29: =Atos!AV9 -> 0 | Q29: =Atos!AZ9 -> 0 | R29: =Atos!BD9 -> 0 | S29: =SUM(G31:R31) -> 0 | T29: =AVERAGEIF(G31:R31,">0") -> #DIV/0!
B30: Accenture | F30: 118255 | G30: =Accenture!L27 -> 0 | H30: =Accenture!P27 -> 0 | I30: =Accenture!T27 -> 0 | J30: =Accenture!X27 -> 0 | K30: =Accenture!AB27 -> 0 | L30: =Accenture!AF27 -> 0 | M30: =Accenture!AJ27 -> 0 | N30: =Accenture!AN27 -> 0 | O30: =Accenture!AR27 -> 0 | Q30: =Accenture!AZ27 -> 0 | R30: =Accenture!BD27 -> 0 | S30: =SUM(G32:R32) -> #REF! | T30: =AVERAGEIF(G32:R32,">0") -> #DIV/0!
B31: Microsoft | F31: 166304 | G31: =Microsoft!M26 -> 0 | H31: =Microsoft!Q26 -> 0 | I31: =Microsoft!U26 -> 0 | J31: =Microsoft!Y26 -> 0 | K31: =Microsoft!AC26 -> 0 | L31: =Microsoft!AG26 -> 0 | M31: =Microsoft!AK26 -> 0 | N31: =Microsoft!AO26 -> 0 | O31: =Microsoft!AS26 -> 0 | P31: =Microsoft!AW26 -> 0 | Q31: 0 | S31: =SUM(G33:R33) -> #REF! | T31: =AVERAGEIF(G33:R33,">0") -> #DIV/0!
B32: Total | E32: =SUM(G32:R32) -> #REF! | G32: =SUM(G25:G31) -> 0 | H32: =SUM(H25:H31) -> 0 | I32: =SUM(I25:I31) -> 0 | J32: =SUM(J25:J31) -> 0 | K32: =SUM(K25:K31) -> 0 | L32: =SUM(L25:L31) -> 0 | M32: =SUM(M25:M31) -> 0 | N32: =SUM(N25:N31) -> 0 | ... R32: =SUM(R25:R31) -> #REF! | S32: =SUM(G34:R34) -> #REF! | T32: =AVERAGEIF(G34:R34,">0") -> #DIV/0!
B33: Difference | G33: =$P$20-G32 -> 0 | H33: =$P$20-H32 -> 0 | I33: =$P$20-I32 -> 0 | J33: =$P$20-J32 -> 0 | K33: =$P$20-K32 -> 0 | L33: =$P$20-L32 -> 0 | M33: =$P$20-M32 -> 0 | N33: =$P$20-N32 -> 0 | ... R33: =$P$20-R32 -> #REF! | S33: =SUM(G35:R35) -> 0 | T33: =AVERAGEIF(G35:R35,">0") -> #DIV/0!
B34: Projects | G34: =GETPIVOTDATA("Amount",Projects!$H$2,"Period",1) -> #REF! | H34: =GETPIVOTDATA("Amount",Projects!$H$2,"Period",2) -> #REF! | I34: =GETPIVOTDATA("Amount",Projects!$H$2,"Period",3) -> #REF! | J34: =GETPIVOTDATA("Amount",Projects!$H$2,"Period",4) -> #REF! | K34: =GETPIVOTDATA("Amount",Projects!$H$2,"Period",5) -> #REF! | L34: =GETPIVOTDATA("Amount",Projects!$H$2,"Period",6) -> #REF! | M34: =GETPIVOTDATA("Amount",Projects!$H$2,"Period",7) -> #REF! | N34: =GETPIVOTDATA("Amount",Projects!$H$2,"Period",8) -> #REF! | O34: =GETPIVOTDATA("Amount",Projects!$H$2,"Period",9) -> #REF! | P34: =GETPIVOTDATA("Amount",Projects!$H$2,"Period",10) -> #REF! | Q34: =GETPIVOTDATA("Amount",Projects!$H$2,"Period",11) -> #REF! | S34: =SUM(G34:R34) -> #REF!

Sheet Total AOP 2024
A1: AOP Line | B1: Status | C1: Trend | D1: Contract ID | E1: GL | F1: Category | G1: Category | H1: Line in AOP template | I1: Description | J1: Service1 | K1: Vendor Code | L1: Vendor | M1: Owner | N1: Consulted | O1: Charging Basis | P1: FUNCTION | Q1: AOP 2022 | R1: AOP 2023 | S1: AOP 2024 | T1: Variance | U1: % Change | V1: Comments | W1: Actuals | X1: % spent | Y1: Invoice Schedule | Z1: Method | AA1: Timing | AB1: Comments PMO / FIN | AC1: Line ID
A2: 1
A3: 2
A4: 3
A5: 4
A6: 5
A7: 6
A8: 7
A9: 8
A10: 9
A11: 10
A12: 11
A13: 12
... A68: 67

Sheet Accenture
A1: Totals
B3: Accenture | C3: 187516
H5: TOTAL | K5: P1 | O5: P2 | S5: P3 | W5: P4 | AA5: P5 | AE5: P6 | AI5: P7 | AM5: P8 | AQ5: P9 | AU5: P10 | AY5: P11 | BC5: P12
B6: PO | C6: GL | D6: Line | E6: Description | F6: AOP Line | G6: Total AOP | H6: PO Total | I6: PO Amount 2025 | J6: Cost until now | K6: Limit | L6: Cost | M6: GR | N6: Invoice | O6: Comment | P6: Cost | Q6: GR | R6: Invoice | S6: Comment | T6: Cost | U6: GR | V6: Invoice | W6: Comment | X6: Cost | Y6: GR | Z6: Invoice | AA6: Comment | AB6: Cost | AC6: GR | AD6: Invoice | AE6: Comment | AF6: Cost | AG6: GR | AH6: Invoice | AI6: Comment | AJ6: Cost | AK6: GR | AL6: Invoice | AM6: Comment | AN6: Cost | AO6: GR | AP6: Invoice | AQ6: Comment | AR6: Cost | AS6: GR | AT6: Invoice | AU6: Comment | AV6: Cost | AW6: GR | AX6: Invoice | AY6: Comment | AZ6: Cost | BA6: GR | BB6: Invoice | BC6: Comment | BD6: Cost | BE6: GR | BF6: Invoice | BG6: Comment
B27: Total 0002 | G27: =SUM(G7:G26) -> 0 | I27: =SUM(I7:I10) -> 0 | J27: =SUM(J7:J26) -> 0 | K27: =I27-J27 -> 0 | L27: =SUM(L7:L26) -> 0 | P27: =SUM(P7:P26) -> 0 | T27: =SUM(T7:T26) -> 0 | X27: =SUM(X7:X26) -> 0 | AB27: =SUM(AB7:AB26) -> 0 | AF27: =SUM(AF7:AF26) -> 0 | AJ27: =SUM(AJ7:AJ26) -> 0 | AN27: =SUM(AN7:AN26) -> 0 | AR27: =SUM(AR7:AR10) -> 0 | AV27: =SUM(AV7:AV10) -> 0 | AZ27: =SUM(AZ7:AZ10) -> 0 | BD27: =SUM(BD7:BD10) -> 0

Sheet Atos
A1: Totals
B3: Atos | C3: 129450 | D3: ='Budget Total 2024'!H2 -> 12
G5: TOTAL | K5: P1 | O5: P2 | S5: P3 | W5: P4 | AA5: P5 | AE5: P6 | AI5: P7 | AM5: P8 | AQ5: P9 | AU5: P10 | AY5: P11 | BC5: P12
B6: PO | C6: GL | D6: Line | E6: Description | F6: AOP Line | G6: Total AOP | H6: PO Amount | I6: Cost until now | J6: Limit | K6: Average | L6: Cost | M6: GR | N6: Invoice | O6: Comment | P6: Cost | Q6: GR | R6: Invoice | S6: Comment | T6: Cost | U6: GR | V6: Invoice | W6: Comment | X6: Cost | Y6: GR | Z6: Invoice | AA6: Comment | AB6: Cost | AC6: GR | AD6: Invoice | AE6: Comment | AF6: Cost | AG6: GR | AH6: Invoice | AI6: Comment | AJ6: Cost | AK6: GR | AL6: Invoice | AM6: Comment | AN6: Cost | AO6: GR | AP6: Invoice | AQ6: Comment | AR6: Cost | AS6: GR | AT6: Invoice | AU6: Comment | AV6: Cost | AW6: GR | AX6: Invoice | AY6: Comment | AZ6: Cost | BA6: GR | BB6: Invoice | BC6: Comment | BD6: Cost | BE6: GR | BF6: Invoice | BG6: Comment
K7: =I7/$D$3 -> 0
K8: =I8/$D$3 -> 0
B9: Total 0002 | G9: =SUM(G7:G8) -> 0 | H9: =SUM(H7:H8) -> 0 | I9: =SUM(I7:I8) -> 0 | J9: =H9-I9 -> 0 | K9: =I9/$D$3 -> 0 | L9: =SUM(L7:L8) -> 0 | P9: =SUM(P7:P8) -> 0 | T9: =SUM(T7:T8) -> 0 | X9: =SUM(X7:X8) -> 0 | AB9: =SUM(AB7:AB8) -> 0 | AF9: =SUM(AF7:AF8) -> 0 | AJ9: =SUM(AJ7:AJ8) -> 0 | AN9: =SUM(AN7:AN8) -> 0 | AR9: =SUM(AR7:AR8) -> 0 | AV9: =SUM(AV7:AV8) -> 0 | AZ9: =SUM(AZ7:AZ8) -> 0 | BD9: =SUM(BD7:BD8) -> 0

Sheet BT
A1: Totals
E3: ='Budget Total 2024'!H2 -> 12
H5: TOTAL | L5: P1 | P5: P2 | T5: P3 | X5: P4 | AB5: P5 | AF5: P6 | AJ5: P7 | AN5: P8 | AR5: P9 | AV5: P10 | AZ5: P11 | BD5: P12
B6: PO | C6: GL | D6: Line | E6: Account | F6: Description | G6: AOP Line | H6: Total AOP | I6: PO Amount | J6: Cost until now | K6: Limit | L6: Cost | M6: GR | N6: Invoice | O6: Comment | P6: Cost | Q6: GR | R6: Invoice | S6: Comment | T6: Cost | U6: GR | V6: Invoice | W6: Comment | X6: Cost | Y6: GR | Z6: Invoice | AA6: Comment | AB6: Cost | AC6: GR | AD6: Invoice | AE6: Comment | AF6: Cost | AG6: GR | AH6: Invoice | AI6: Comment | AJ6: Cost | AK6: GR | AL6: Invoice | AM6: Comment | AN6: Cost | AO6: GR | AP6: Invoice | AQ6: Comment | AR6: Cost | AS6: GR | AT6: Invoice | AU6: Comment | AV6: Cost | AW6: GR | AX6: Invoice | AY6: Comment | AZ6: Cost | BA6: GR | BB6: Invoice | BC6: Comment | BD6: Cost | BE6: GR | BF6: Invoice | BG6: Comment
B11: Total 0002 | H11: =SUM(H7:H8) -> 0 | I11: =SUM(I7:I10) -> 0 | J11: =SUM(J7:J10) -> 0 | K11: =SUM(K7:K10) -> 0 | L11: =SUM(L7:L8) -> 0 | P11: =SUM(P7:P8) -> 0 | T11: =SUM(T7:T8) -> 0 | X11: =SUM(X7:X8) -> 0 | AB11: =SUM(AB7:AB8) -> 0 | AF11: =SUM(AF7:AF8) -> 0 | AJ11: =SUM(AJ7:AJ8) -> 0 | AN11: =SUM(AN7:AN10) -> 0 | AR11: =SUM(AR7:AR10) -> 0 | AV11: =SUM(AV7:AV10) -> 0 | AZ11: =SUM(AZ7:AZ10) -> 0 | BD11: =#REF!+#REF!+#REF!+#REF!+#REF!+#REF!+#REF! -> #REF!
AR12: ,

Sheet Equinix
A1: Totals
B3: Equinix | C3: 204343 | D3: ='Budget Total 2024'!H2 -> 12
I5: TOTAL | L5: P1 | P5: P2 | T5: P3 | X5: P4 | AB5: P5 | AF5: P6 | AJ5: P7 | AN5: P8 | AR5: P9 | AV5: P10 | AZ5: P11 | BD5: P12
B6: GL | C6: PO | D6: Line | E6: Description | F6: AOP Line | G6: Total AOP | H6: PO Total | I6: PO Amount 2022 | J6: Cost until now | K6: Limit | L6: Cost | M6: GR | N6: Invoice | O6: Comment | P6: Cost | Q6: GR | R6: Invoice | S6: Comment | T6: Cost | U6: GR | V6: Invoice | W6: Comment | X6: Cost | Y6: GR | Z6: Invoice | AA6: Comment | AB6: Cost | AC6: GR | AD6: Invoice | AE6: Comment | AF6: Cost | AG6: GR | AH6: Invoice | AI6: Comment | AJ6: Cost | AK6: GR | AL6: Invoice | AM6: Comment | AN6: Cost | AO6: GR | AP6: Invoice | AQ6: Comment | AR6: Cost | AS6: GR | AT6: Invoice | AU6: Comment | AV6: Cost | AW6: GR | AX6: Invoice | AY6: Comment | AZ6: Cost | BA6: GR | BB6: Invoice | BC6: Comment | BD6: Cost | BE6: GR | BF6: Invoice | BG6: Comment
B9: Total 0002 | G9: 150000 | I9: =SUM(I7:I8) -> 0 | J9: =SUM(J7:J8) -> 0 | K9: =I9-J9 -> 0 | L9: =SUM(L7:L8) -> 0 | P9: =SUM(P7:P8) -> 0 | T9: =SUM(T7:T8) -> 0 | X9: =SUM(X7:X8) -> 0 | AB9: =SUM(AB7:AB8) -> 0 | AF9: =SUM(AF7:AF8) -> 0 | AJ9: =SUM(AJ7:AJ8) -> 0 | AN9: =SUM(AN7:AN8) -> 0 | AR9: =SUM(AR7:AR8) -> 0 | AV9: =SUM(AV7:AV8) -> 0 | AZ9: =SUM(AZ7:AZ8) -> 0 | BD9: =SUM(BD7:BD8) -> 0

Sheet Frontline
A1: Totals
G5: TOTAL | J5: P1 | M5: P2 | P5: P3 | S5: P4 | V5: P5 | Y5: P6 | AB5: P7 | AE5: P8 | AH5: P9 | AK5: P10 | AN5: P11 | AQ5: P12
B6: PO | C6: Line | D6: Description | E6: AOP Line | F6: Total AOP | G6: Total Expected | H6: Cost until now | I6: Limit | J6: Cost | K6: GR | L6: Invoice | M6: Cost | N6: GR | O6: Invoice | P6: Cost | Q6: GR | R6: Invoice | S6: Cost | T6: GR | U6: Invoice | V6: Cost | W6: GR | X6: Invoice | Y6: Cost | Z6: GR | AA6: Invoice | AB6: Cost | AC6: GR | AD6: Invoice | AE6: Cost | AF6: GR | AG6: Invoice | AH6: Cost | AI6: GR | AJ6: Invoice | AK6: Cost | AL6: GR | AM6: Invoice | AN6: Cost | AO6: GR | AP6: Invoice | AQ6: Cost | AR6: GR | AS6: Invoice
F9: =SUM(F7:F8) -> 0 | G9: =SUM(G7:G8) -> 0 | H9: =J9+M9+P9+S9+V9+Y9+AB9+AE9+AH9+AK9+AN9+AQ9 -> 0 | I9: =G9-H9 -> 0 | J9: =SUM(J7:J8) -> 0 | M9: =SUM(M7:M8) -> 0 | P9: =SUM(P7:P8) -> 0 | S9: =SUM(S7:S8) -> 0 | V9: =SUM(V7:V8) -> 0 | Y9: =SUM(Y7:Y8) -> 0 | AB9: =SUM(AB7:AB8) -> 0 | AE9: =SUM(AE7:AE8) -> 0 | AH9: =SUM(AH7:AH8) -> 0 | AK9: =SUM(AK7:AK8) -> 0 | AN9: =SUM(AN7:AN8) -> 0 | AQ9: =SUM(AQ7:AQ8) -> 0

Sheet Microsoft
A1: Totals
B3: Microsoft | D3: 166304 | E3: ='Budget Total 2024'!H2 -> 12
H5: TOTAL | M5: P1 | Q5: P2 | U5: P3 | Y5: P4 | AC5: P5 | AG5: P6 | AK5: P7 | AO5: P8 | AS5: P9 | AW5: P10 | BA5: P11 | BE5: P12
B6: PO | C6: GL | D6: Comment | E6: Line | F6: Description | G6: AOP Line | H6: Total AOP | I6: Total PO | J6: PO Amount 2024 | K6: Cost until now | L6: Limit | M6: Cost | N6: GR | O6: Invoice | P6: Comment | Q6: Cost | R6: GR | S6: Invoice | T6: Comment | U6: Cost | V6: GR | W6: Invoice | X6: Comment | Y6: Cost | Z6: GR | AA6: Invoice | AB6: Comment | AC6: Cost | AD6: GR | AE6: Invoice | AF6: Comment | AG6: Cost | AH6: GR | AI6: Invoice | AJ6: Comment | AK6: Cost | AL6: GR | AM6: Invoice | AN6: Comment | AO6: Cost | AP6: GR | AQ6: Invoice | AR6: Comment | AS6: Cost | AT6: GR | AU6: Invoice | AV6: Comment | AW6: Cost | AX6: GR | AY6: Invoice | AZ6: Comment | BA6: Cost | BB6: GR | BC6: Invoice | BD6: Comment | BE6: Cost | BF6: GR | BG6: Invoice | BH6: Comment
B26: Total 0002 | H26: =SUM(H8:H22) -> 0 | J26: =SUM(J7:J25) -> 0 | K26: =SUM(K7:K25) -> 0 | L26: =SUM(L7:L9) -> 0 | M26: =SUM(M7:M9) -> 0 | Q26: =SUM(Q7:Q9) -> 0 | U26: =SUM(U7:U9) -> 0 | Y26: =SUM(Y7:Y10) -> 0 | AC26: =SUM(AC7:AC10) -> 0 | AG26: =SUM(AG7:AG10) -> 0 | AK26: =SUM(AK7:AK10) -> 0 | AO26: =SUM(AO7:AO10) -> 0 | AS26: =SUM(AS7:AS10) -> 0 | AW26: =SUM(AW7:AW10) -> 0 | BA26: =#REF!+#REF!+#REF!+#REF!+#REF!+#REF!+BA9 -> #REF! | BE26: =#REF!+#REF!+#REF!+#REF!+#REF!+#REF!+BE9 -> #REF!
N28: 376000

Sheet OB
A1: Totals
B3: OB | D3: ='Budget Total 2024'!H2 -> 12 | E3: 196653
H5: TOTAL | Q5: P1 | U5: P2 | Y5: P3 | AC5: P4 | AG5: P5 | AK5: P6 | AO5: P7 | AS5: P8 | AW5: P9 | BA5: P10 | BE5: P11 | BI5: P12
B6: PO | C6: Line | D6: GL | E6: Account | F6: Description | G6: Line AOP | H6: Total AOP | I6: Monthtly AOP | J6: Current Monthly | K6: Monthly Difference | L6: -/+ YTD | M6: Difference AOP | N6: PO Amount | O6: Cost until now | P6: Limit | Q6: Cost | R6: GR | S6: Invoice | T6: Comment | U6: Cost | V6: GR | W6: Invoice | X6: Comment | Y6: Cost | Z6: GR | AA6: Invoice | AB6: Comment | AC6: Cost | AD6: GR | AE6: Invoice | AF6: Comment | AG6: Cost | AH6: GR | AI6: Invoice | AJ6: Comment | AK6: Cost | AL6: GR | AM6: Invoice | AN6: Comment | AO6: Cost | AP6: GR | AQ6: Invoice | AR6: Comment | AS6: Cost | AT6: GR | AU6: Invoice | AV6: Comment | AW6: Cost | AX6: GR | AY6: Invoice | AZ6: Comment | BA6: Cost | BB6: GR | BC6: Invoice | BD6: Comment | BE6: Cost | BF6: GR | BG6: Invoice | BH6: Comment | BI6: Cost | BJ6: GR | BK6: Invoice | BL6: Comment
B37: Total 0002 | H37: =H7+H11+H14+H18+H21+H26+H27+H30+H32+H33+H34 -> 0 | I37: =H37/12 -> 0 | J37: =O37/'Budget Total 2024'!$H$2 -> 0 | K37: =I37-J37 -> 0 | L37: =(H37/12*$F$3)-O37 -> 0 | M37: =H37-O37 -> 0 | N37: =N7+N11+N14+N18+N21+N26+N27+N30+N32+N33+N34 -> 0 | O37: =O10+O13+O17+O25+O26+O29+O30 -> 0 | P37: =P7+P11+P14+P18+P21+P26+P27+P30+P32+P33+P34+#REF! -> #REF! | Q37: =Q10+Q13+Q17+Q25+Q26+Q29+Q30+SUM(Q32:Q34) -> 0 | U37: =U10+U13+U17+U25+U26+U29+U30+SUM(U32:U34) -> 0 | Y37: =Y10+Y13+Y17+Y25+Y26+Y29+Y30+SUM(Y32:Y34) -> 0 | AC37: =AC10+AC13+AC17+AC25+AC26+AC29+AC30+SUM(AC32:AC34) -> 0 | AG37: =AG10+AG13+AG17+AG25+AG26+AG29+AG30+SUM(AG32:AG34) -> 0 | AK37: =AK10+AK13+AK17+AK25+AK26+AK29+AK30+SUM(AK32:AK34) -> 0 | AO37: =AO10+AO13+AO17+AO25+AO26+AO29+AO30+SUM(AO32:AO34) -> 0 | AS37: =AS10+AS13+AS17+AS25+AS26+AS29+AS30+SUM(AS32:AS34) -> 0 | AW37: =AW10+AW13+AW17+AW25+AW26+AW29+AW30+SUM(AW32:AW34) -> 0 | BA37: =BA10+BA13+BA17+BA25+BA26+BA29+BA30+SUM(BA32:BA34)+BA36 -> 0 | BE37: =BE10+BE13+BE17+BE25+BE26+BE29+BE30+SUM(BE32:BE34) -> 0 | BI37: =BI10+BI13+BI17+BI25+BI26+BI29+BI30+SUM(BI32:BI34) -> 0
BH44: NSKDE08 | BI44: MRC Equinix | BJ44: EUR | BK44: 1394
BI45: NSKDE09 | BJ45: MRC Managed internet access | BK45: EUR | BL45: 21448.26
BI46: NSKDE19 | BJ46: VMS Internet | BK46: EUR | BL46: 3024.7228
BI47: NSKDE13 | BJ47: LAN Projects Monitoring SWs/APs costs | BK47: EUR | BL47: 456.3
BI48: NSKDE14 | BJ48: WEB PROTECTION SUITE Zscaler | BK48: EUR | BL48: 26946.75

Sheet ReleaseTMS
A1: Totals
G5: TOTAL | J5: P1 | M5: P2 | P5: P3 | S5: P4 | V5: P5 | Y5: P6 | AB5: P7 | AE5: P8 | AH5: P9 | AK5: P10 | AN5: P11 | AQ5: P12
B6: PO | C6: Line | D6: Description | E6: AOP Line | F6: Total AOP | G6: Total Expected | H6: Cost until now | I6: Limit | J6: Cost | K6: GR | L6: Invoice | M6: Cost | N6: GR | O6: Invoice | P6: Cost | Q6: GR | R6: Invoice | S6: Cost | T6: GR | U6: Invoice | V6: Cost | W6: GR | X6: Invoice | Y6: Cost | Z6: GR | AA6: Invoice | AB6: Cost | AC6: GR | AD6: Invoice | AE6: Cost | AF6: GR | AG6: Invoice | AH6: Cost | AI6: GR | AJ6: Invoice | AK6: Cost | AL6: GR | AM6: Invoice | AN6: Cost | AO6: GR | AP6: Invoice | AQ6: Cost | AR6: GR | AS6: Invoice

Sheet Projects
A1: Totals
C2: Total cost untill now | H2: Row Labels | I2: Sum of Amount
B3: Vendor | H3: (blank)
B4: BT | C4: =SUMIF(B11:B98,"BT",F11:F98) -> 0 | H4: Grand Total
B5: Orange | C5: =SUMIF(B12:B99,"Orange",F12:F99) -> 0
B6: Atos
B9: Total | C9: =SUM(C4:C8) -> 0
B11: Vendor | C11: Invoice No.# | D11: Account | E11: PO | F11: Amount | G11: Period
B100: Total | F100: =SUM(F12:F99) -> 0

Sheet -
A1: Closed Complete | B1: SSR | C1: MACD
A2: Closed Skipped | B2: NSSR | C2: Incident
A3: Planning | B3: RFI | C3: Question
A4: Verification from Requestor
A5: Work in Progress
